{
    "loss": 1.1936209201812744,
    "accuracy": 0.8017241358757019
}